-- =====================================================
-- data.sql - Datos de prueba (catalogo de clasicos)
-- =====================================================

-- =====================================================
-- AUTORES (35)
-- =====================================================
INSERT INTO author (id, version, full_name, country, birth_date) VALUES ('a0000001-0000-0000-0000-000000000001', 0, 'Miguel de Cervantes', 'España','1547-09-29');
INSERT INTO author (id, version, full_name, country, birth_date) VALUES ('a0000002-0000-0000-0000-000000000002', 0, 'William Shakespeare', 'Reino Unido','1564-04-23');
INSERT INTO author (id, version, full_name, country, birth_date) VALUES ('a0000003-0000-0000-0000-000000000003', 0, 'Homero', 'Grecia',NULL);
INSERT INTO author (id, version, full_name, country, birth_date) VALUES ('a0000004-0000-0000-0000-000000000004', 0, 'Dante Alighieri', 'Italia','1265-06-01');
INSERT INTO author (id, version, full_name, country, birth_date) VALUES ('a0000005-0000-0000-0000-000000000005', 0, 'Jane Austen', 'Reino Unido','1775-12-16');
INSERT INTO author (id, version, full_name, country, birth_date) VALUES ('a0000006-0000-0000-0000-000000000006', 0, 'Emily Brontë', 'Reino Unido','1818-07-30');
INSERT INTO author (id, version, full_name, country, birth_date) VALUES ('a0000007-0000-0000-0000-000000000007', 0, 'Charlotte Brontë', 'Reino Unido','1816-04-21');
INSERT INTO author (id, version, full_name, country, birth_date) VALUES ('a0000008-0000-0000-0000-000000000008', 0, 'Charles Dickens', 'Reino Unido','1812-02-07');
INSERT INTO author (id, version, full_name, country, birth_date) VALUES ('a0000009-0000-0000-0000-000000000009', 0, 'Victor Hugo', 'Francia','1802-02-26');
INSERT INTO author (id, version, full_name, country, birth_date) VALUES ('a0000010-0000-0000-0000-000000000010', 0, 'Alexandre Dumas', 'Francia','1802-07-24');
INSERT INTO author (id, version, full_name, country, birth_date) VALUES ('a0000011-0000-0000-0000-000000000011', 0, 'Gustave Flaubert', 'Francia','1821-12-12');
INSERT INTO author (id, version, full_name, country, birth_date) VALUES ('a0000012-0000-0000-0000-000000000012', 0, 'Fiódor Dostoievski', 'Rusia','1821-11-11');
INSERT INTO author (id, version, full_name, country, birth_date) VALUES ('a0000013-0000-0000-0000-000000000013', 0, 'León Tolstói', 'Rusia','1828-09-09');
INSERT INTO author (id, version, full_name, country, birth_date) VALUES ('a0000014-0000-0000-0000-000000000014', 0, 'Herman Melville', 'Estados Unidos','1819-08-01');
INSERT INTO author (id, version, full_name, country, birth_date) VALUES ('a0000015-0000-0000-0000-000000000015', 0, 'Mark Twain', 'Estados Unidos','1835-11-30');
INSERT INTO author (id, version, full_name, country, birth_date) VALUES ('a0000016-0000-0000-0000-000000000016', 0, 'Robert Louis Stevenson', 'Reino Unido','1850-11-13');
INSERT INTO author (id, version, full_name, country, birth_date) VALUES ('a0000017-0000-0000-0000-000000000017', 0, 'Oscar Wilde', 'Irlanda','1854-10-16');
INSERT INTO author (id, version, full_name, country, birth_date) VALUES ('a0000018-0000-0000-0000-000000000018', 0, 'Mary Shelley', 'Reino Unido','1797-08-30');
INSERT INTO author (id, version, full_name, country, birth_date) VALUES ('a0000019-0000-0000-0000-000000000019', 0, 'Bram Stoker', 'Irlanda','1847-11-08');
INSERT INTO author (id, version, full_name, country, birth_date) VALUES ('a0000020-0000-0000-0000-000000000020', 0, 'Julio Verne', 'Francia','1828-02-08');
INSERT INTO author (id, version, full_name, country, birth_date) VALUES ('a0000021-0000-0000-0000-000000000021', 0, 'F. Scott Fitzgerald', 'Estados Unidos','1896-09-24');
INSERT INTO author (id, version, full_name, country, birth_date) VALUES ('a0000022-0000-0000-0000-000000000022', 0, 'Harper Lee', 'Estados Unidos','1926-04-28');
INSERT INTO author (id, version, full_name, country, birth_date) VALUES ('a0000023-0000-0000-0000-000000000023', 0, 'George Orwell', 'Reino Unido','1903-06-25');
INSERT INTO author (id, version, full_name, country, birth_date) VALUES ('a0000024-0000-0000-0000-000000000024', 0, 'Aldous Huxley', 'Reino Unido','1894-07-26');
INSERT INTO author (id, version, full_name, country, birth_date) VALUES ('a0000025-0000-0000-0000-000000000025', 0, 'Ray Bradbury', 'Estados Unidos','1920-08-22');
INSERT INTO author (id, version, full_name, country, birth_date) VALUES ('a0000026-0000-0000-0000-000000000026', 0, 'Franz Kafka', 'República Checa','1883-07-03');
INSERT INTO author (id, version, full_name, country, birth_date) VALUES ('a0000027-0000-0000-0000-000000000027', 0, 'Gabriel García Márquez', 'Colombia','1927-03-06');
INSERT INTO author (id, version, full_name, country, birth_date) VALUES ('a0000028-0000-0000-0000-000000000028', 0, 'Jorge Luis Borges', 'Argentina', '1899-08-24');
INSERT INTO author (id, version, full_name, country, birth_date) VALUES ('a0000029-0000-0000-0000-000000000029', 0, 'Julio Cortázar', 'Argentina', '1914-08-26');
INSERT INTO author (id, version, full_name, country, birth_date) VALUES ('a0000030-0000-0000-0000-000000000030', 0, 'Antoine de Saint-Exupéry', 'Francia','1900-06-29');
INSERT INTO author (id, version, full_name, country, birth_date) VALUES ('a0000031-0000-0000-0000-000000000031', 0, 'Juan Rulfo', 'México','1917-05-16');
INSERT INTO author (id, version, full_name, country, birth_date) VALUES ('a0000032-0000-0000-0000-000000000032', 0, 'Carlos Ruiz Zafón', 'España','1964-09-25');
INSERT INTO author (id, version, full_name, country, birth_date) VALUES ('a0000033-0000-0000-0000-000000000033', 0, 'Umberto Eco', 'Italia','1932-01-05');
INSERT INTO author (id, version, full_name, country, birth_date) VALUES ('a0000034-0000-0000-0000-000000000034', 0, 'Leopoldo Alas Clarín', 'España','1852-04-25');
INSERT INTO author (id, version, full_name, country, birth_date) VALUES ('a0000035-0000-0000-0000-000000000035', 0, 'Benito Pérez Galdós', 'España','1843-05-10');

-- =====================================================
-- GÉNEROS (10)
-- =====================================================
INSERT INTO genre (id, version, name, description) VALUES ('c0000001-0000-0000-0000-000000000001', 0, 'Fantasía', 'Mundos imaginarios, magia y criaturas fantásticas');
INSERT INTO genre (id, version, name, description) VALUES ('c0000002-0000-0000-0000-000000000002', 0, 'Ciencia Ficción', 'Futuros posibles, tecnología y exploración');
INSERT INTO genre (id, version, name, description) VALUES ('c0000003-0000-0000-0000-000000000003', 0, 'Novela', 'Narrativa extensa con tramas y personajes complejos');
INSERT INTO genre (id, version, name, description) VALUES ('c0000004-0000-0000-0000-000000000004', 0, 'Terror', 'Historias de miedo, suspense y lo sobrenatural');
INSERT INTO genre (id, version, name, description) VALUES ('c0000005-0000-0000-0000-000000000005', 0, 'Historia', 'Obras basadas en hechos y épocas históricas');
INSERT INTO genre (id, version, name, description) VALUES ('c0000006-0000-0000-0000-000000000006', 0, 'Poesía', 'Expresión literaria en verso y prosa poética');
INSERT INTO genre (id, version, name, description) VALUES ('c0000007-0000-0000-0000-000000000007', 0, 'Romance', 'Historias centradas en relaciones y sentimientos');
INSERT INTO genre (id, version, name, description) VALUES ('c0000008-0000-0000-0000-000000000008', 0, 'Aventuras', 'Viajes, acción y peripecias de los protagonistas');
INSERT INTO genre (id, version, name, description) VALUES ('c0000009-0000-0000-0000-000000000009', 0, 'Teatro', 'Obras dramáticas escritas para ser representadas');
INSERT INTO genre (id, version, name, description) VALUES ('c0000010-0000-0000-0000-000000000010', 0, 'Misterio', 'Intriga, enigmas e investigación');

-- =====================================================
-- LIBROS (50)
-- =====================================================
INSERT INTO book (id, version, isbn, title, available_copies, price, published_date, last_modified_date) VALUES ('b0000001-0000-0000-0000-000000000001', 0, '978-84-376-0001-7', 'Don Quijote', 5, 19.50, '1605-01-16', '2026-01-15 10:00:00');
INSERT INTO book (id, version, isbn, title, available_copies, price, published_date, last_modified_date) VALUES ('b0000002-0000-0000-0000-000000000002', 0, '978-84-376-0002-7', 'Hamlet', 4, 11.95, '1603-01-01', '2026-01-15 10:00:00');
INSERT INTO book (id, version, isbn, title, available_copies, price, published_date, last_modified_date) VALUES ('b0000003-0000-0000-0000-000000000003', 0, '978-84-376-0003-7', 'Romeo y Julieta', 3, 10.50, '1597-01-01', '2026-01-15 10:00:00');
INSERT INTO book (id, version, isbn, title, available_copies, price, published_date, last_modified_date) VALUES ('b0000004-0000-0000-0000-000000000004', 0, '978-84-376-0004-7', 'Macbeth', 2, 10.95, '1623-01-01', '2026-01-15 10:00:00');
INSERT INTO book (id, version, isbn, title, available_copies, price, published_date, last_modified_date) VALUES ('b0000005-0000-0000-0000-000000000005', 0, '978-84-376-0005-7', 'La Odisea', 4, 14.00, NULL, '2026-01-15 10:00:00');
INSERT INTO book (id, version, isbn, title, available_copies, price, published_date, last_modified_date) VALUES ('b0000006-0000-0000-0000-000000000006', 0, '978-84-376-0006-7', 'La Ilíada', 3, 14.00, NULL, '2026-01-15 10:00:00');
INSERT INTO book (id, version, isbn, title, available_copies, price, published_date, last_modified_date) VALUES ('b0000007-0000-0000-0000-000000000007', 0, '978-84-376-0007-7', 'La Divina Comedia', 2, 17.90, '1320-01-01', '2026-01-15 10:00:00');
INSERT INTO book (id, version, isbn, title, available_copies, price, published_date, last_modified_date) VALUES ('b0000008-0000-0000-0000-000000000008', 0, '978-84-376-0008-7', 'Orgullo y prejuicio', 5, 13.50, '1813-01-28', '2026-01-15 10:00:00');
INSERT INTO book (id, version, isbn, title, available_copies, price, published_date, last_modified_date) VALUES ('b0000009-0000-0000-0000-000000000009', 0, '978-84-376-0009-7', 'Emma', 2, 12.50, '1815-12-23', '2026-01-15 10:00:00');
INSERT INTO book (id, version, isbn, title, available_copies, price, published_date, last_modified_date) VALUES ('b0000010-0000-0000-0000-000000000010', 0, '978-84-376-0010-7', 'Cumbres borrascosas', 3, 13.25, '1847-12-01', '2026-01-15 10:00:00');
INSERT INTO book (id, version, isbn, title, available_copies, price, published_date, last_modified_date) VALUES ('b0000011-0000-0000-0000-000000000011', 0, '978-84-450-0011-7', 'Jane Eyre', 3, 13.75, '1847-10-16', '2026-01-15 10:00:00');
INSERT INTO book (id, version, isbn, title, available_copies, price, published_date, last_modified_date) VALUES ('b0000012-0000-0000-0000-000000000012', 0, '978-84-450-0012-7', 'Oliver Twist', 4, 12.99, '1838-01-01', '2026-01-15 10:00:00');
INSERT INTO book (id, version, isbn, title, available_copies, price, published_date, last_modified_date) VALUES ('b0000013-0000-0000-0000-000000000013', 0, '978-84-450-0013-7', 'Grandes esperanzas', 2, 14.25, '1861-08-01', '2026-01-15 10:00:00');
INSERT INTO book (id, version, isbn, title, available_copies, price, published_date, last_modified_date) VALUES ('b0000014-0000-0000-0000-000000000014', 0, '978-84-450-0014-7', 'Historia de dos ciudades', 3, 14.50, '1859-04-30', '2026-01-15 10:00:00');
INSERT INTO book (id, version, isbn, title, available_copies, price, published_date, last_modified_date) VALUES ('b0000015-0000-0000-0000-000000000015', 0, '978-84-450-0015-7', 'Los miserables', 4, 21.00, '1862-01-01', '2026-01-15 10:00:00');
INSERT INTO book (id, version, isbn, title, available_copies, price, published_date, last_modified_date) VALUES ('b0000016-0000-0000-0000-000000000016', 0, '978-84-450-0016-7', 'Nuestra Señora de París', 2, 16.50, '1831-01-14', '2026-01-15 10:00:00');
INSERT INTO book (id, version, isbn, title, available_copies, price, published_date, last_modified_date) VALUES ('b0000017-0000-0000-0000-000000000017', 0, '978-84-450-0017-7', 'El conde de Montecristo', 3, 22.50, '1844-08-28', '2026-01-15 10:00:00');
INSERT INTO book (id, version, isbn, title, available_copies, price, published_date, last_modified_date) VALUES ('b0000018-0000-0000-0000-000000000018', 0, '978-84-450-0018-7', 'Los tres mosqueteros', 4, 17.95, '1844-03-14', '2026-01-15 10:00:00');
INSERT INTO book (id, version, isbn, title, available_copies, price, published_date, last_modified_date) VALUES ('b0000019-0000-0000-0000-000000000019', 0, '978-84-450-0019-7', 'Madame Bovary', 3, 13.90, '1856-04-01', '2026-01-15 10:00:00');
INSERT INTO book (id, version, isbn, title, available_copies, price, published_date, last_modified_date) VALUES ('b0000020-0000-0000-0000-000000000020', 0, '978-84-450-0020-7', 'Crimen y castigo', 3, 15.50, '1866-01-01', '2026-01-15 10:00:00');
INSERT INTO book (id, version, isbn, title, available_copies, price, published_date, last_modified_date) VALUES ('b0000021-0000-0000-0000-000000000021', 0, '978-84-204-0021-7', 'Los hermanos Karamázov', 2, 19.90, '1880-11-01', '2026-01-15 10:00:00');
INSERT INTO book (id, version, isbn, title, available_copies, price, published_date, last_modified_date) VALUES ('b0000022-0000-0000-0000-000000000022', 0, '978-84-204-0022-7', 'Guerra y paz', 2, 24.00, '1869-01-01', '2026-01-15 10:00:00');
INSERT INTO book (id, version, isbn, title, available_copies, price, published_date, last_modified_date) VALUES ('b0000023-0000-0000-0000-000000000023', 0, '978-84-204-0023-7', 'Anna Karénina', 3, 18.50, '1877-01-01', '2026-01-15 10:00:00');
INSERT INTO book (id, version, isbn, title, available_copies, price, published_date, last_modified_date) VALUES ('b0000024-0000-0000-0000-000000000024', 0, '978-84-204-0024-7', 'Moby Dick', 3, 16.00, '1851-10-18', '2026-01-15 10:00:00');
INSERT INTO book (id, version, isbn, title, available_copies, price, published_date, last_modified_date) VALUES ('b0000025-0000-0000-0000-000000000025', 0, '978-84-204-0025-7', 'Las aventuras de Tom Sawyer', 4, 12.75, '1876-06-01', '2026-01-15 10:00:00');
INSERT INTO book (id, version, isbn, title, available_copies, price, published_date, last_modified_date) VALUES ('b0000026-0000-0000-0000-000000000026', 0, '978-84-204-0026-7', 'La isla del tesoro', 5, 12.25, '1883-05-23', '2026-01-15 10:00:00');
INSERT INTO book (id, version, isbn, title, available_copies, price, published_date, last_modified_date) VALUES ('b0000027-0000-0000-0000-000000000027', 0, '978-84-204-0027-7', 'El retrato de Dorian Gray', 3, 14.90, '1890-07-01', '2026-01-15 10:00:00');
INSERT INTO book (id, version, isbn, title, available_copies, price, published_date, last_modified_date) VALUES ('b0000028-0000-0000-0000-000000000028', 0, '978-84-204-0028-7', 'Frankenstein', 4, 13.50, '1818-01-01', '2026-01-15 10:00:00');
INSERT INTO book (id, version, isbn, title, available_copies, price, published_date, last_modified_date) VALUES ('b0000029-0000-0000-0000-000000000029', 0, '978-84-204-0029-7', 'Drácula', 4, 13.25, '1897-05-26', '2026-01-15 10:00:00');
INSERT INTO book (id, version, isbn, title, available_copies, price, published_date, last_modified_date) VALUES ('b0000030-0000-0000-0000-000000000030', 0, '978-84-204-0030-7', 'La vuelta al mundo en 80 días', 3, 12.50, '1872-01-30', '2026-01-15 10:00:00');
INSERT INTO book (id, version, isbn, title, available_copies, price, published_date, last_modified_date) VALUES ('b0000031-0000-0000-0000-000000000031', 0, '978-84-663-0031-7', 'Veinte mil leguas de viaje', 3, 13.95, '1870-06-20', '2026-01-15 10:00:00');
INSERT INTO book (id, version, isbn, title, available_copies, price, published_date, last_modified_date) VALUES ('b0000032-0000-0000-0000-000000000032', 0, '978-84-663-0032-7', 'El gran Gatsby', 4, 12.90, '1925-04-10', '2026-01-15 10:00:00');
INSERT INTO book (id, version, isbn, title, available_copies, price, published_date, last_modified_date) VALUES ('b0000033-0000-0000-0000-000000000033', 0, '978-84-663-0033-7', 'Matar a un ruiseñor', 3, 14.50, '1960-07-11', '2026-01-15 10:00:00');
INSERT INTO book (id, version, isbn, title, available_copies, price, published_date, last_modified_date) VALUES ('b0000034-0000-0000-0000-000000000034', 0, '978-84-663-0034-7', '1984', 5, 12.50, '1949-06-08', '2026-01-15 10:00:00');
INSERT INTO book (id, version, isbn, title, available_copies, price, published_date, last_modified_date) VALUES ('b0000035-0000-0000-0000-000000000035', 0, '978-84-663-0035-7', 'Rebelión en la granja', 4, 10.99, '1945-08-17', '2026-01-15 10:00:00');
INSERT INTO book (id, version, isbn, title, available_copies, price, published_date, last_modified_date) VALUES ('b0000036-0000-0000-0000-000000000036', 0, '978-84-663-0036-7', 'Un mundo feliz', 3, 13.00, '1932-01-01', '2026-01-15 10:00:00');
INSERT INTO book (id, version, isbn, title, available_copies, price, published_date, last_modified_date) VALUES ('b0000037-0000-0000-0000-000000000037', 0, '978-84-663-0037-7', 'Fahrenheit 451', 4, 11.99, '1953-10-19', '2026-01-15 10:00:00');
INSERT INTO book (id, version, isbn, title, available_copies, price, published_date, last_modified_date) VALUES ('b0000038-0000-0000-0000-000000000038', 0, '978-84-663-0038-7', 'La metamorfosis', 5, 9.99, '1915-01-01', '2026-01-15 10:00:00');
INSERT INTO book (id, version, isbn, title, available_copies, price, published_date, last_modified_date) VALUES ('b0000039-0000-0000-0000-000000000039', 0, '978-84-663-0039-7', 'El proceso', 2, 13.50, '1925-04-26', '2026-01-15 10:00:00');
INSERT INTO book (id, version, isbn, title, available_copies, price, published_date, last_modified_date) VALUES ('b0000040-0000-0000-0000-000000000040', 0, '978-84-663-0040-7', 'Cien años de soledad', 4, 16.75, '1967-05-30', '2026-01-15 10:00:00');
INSERT INTO book (id, version, isbn, title, available_copies, price, published_date, last_modified_date) VALUES ('b0000041-0000-0000-0000-000000000041', 0, '978-84-080-0041-7', 'El amor en tiempos de cólera', 3, 15.25, '1985-09-05', '2026-01-15 10:00:00');
INSERT INTO book (id, version, isbn, title, available_copies, price, published_date, last_modified_date) VALUES ('b0000042-0000-0000-0000-000000000042', 0, '978-84-080-0042-7', 'Ficciones', 3, 13.00, '1944-01-01', '2026-01-15 10:00:00');
INSERT INTO book (id, version, isbn, title, available_copies, price, published_date, last_modified_date) VALUES ('b0000043-0000-0000-0000-000000000043', 0, '978-84-080-0043-7', 'El Aleph', 3, 12.50, '1949-06-01', '2026-01-15 10:00:00');
INSERT INTO book (id, version, isbn, title, available_copies, price, published_date, last_modified_date) VALUES ('b0000044-0000-0000-0000-000000000044', 0, '978-84-080-0044-7', 'Rayuela', 2, 16.00, '1963-06-28', '2026-01-15 10:00:00');
INSERT INTO book (id, version, isbn, title, available_copies, price, published_date, last_modified_date) VALUES ('b0000045-0000-0000-0000-000000000045', 0, '978-84-080-0045-7', 'El principito', 6, 11.50, '1943-04-06', '2026-01-15 10:00:00');
INSERT INTO book (id, version, isbn, title, available_copies, price, published_date, last_modified_date) VALUES ('b0000046-0000-0000-0000-000000000046', 0, '978-84-080-0046-7', 'Pedro Páramo', 3, 12.25, '1955-03-19', '2026-01-15 10:00:00');
INSERT INTO book (id, version, isbn, title, available_copies, price, published_date, last_modified_date) VALUES ('b0000047-0000-0000-0000-000000000047', 0, '978-84-080-0047-7', 'La sombra del viento', 4, 19.90, '2001-04-01', '2026-01-15 10:00:00');
INSERT INTO book (id, version, isbn, title, available_copies, price, published_date, last_modified_date) VALUES ('b0000048-0000-0000-0000-000000000048', 0, '978-84-080-0048-7', 'El nombre de la rosa', 3, 18.50, '1980-01-01', '2026-01-15 10:00:00');
INSERT INTO book (id, version, isbn, title, available_copies, price, published_date, last_modified_date) VALUES ('b0000049-0000-0000-0000-000000000049', 0, '978-84-080-0049-7', 'La Regenta', 2, 15.75, '1885-01-01', '2026-01-15 10:00:00');
INSERT INTO book (id, version, isbn, title, available_copies, price, published_date, last_modified_date) VALUES ('b0000050-0000-0000-0000-000000000050', 0, '978-84-080-0050-7', 'Fortunata y Jacinta', 2, 17.00, '1887-01-01', '2026-01-15 10:00:00');

-- =====================================================
-- RELACIONES AUTOR-LIBRO
-- =====================================================
INSERT INTO authors_books (book_id, author_id) VALUES ('b0000001-0000-0000-0000-000000000001', 'a0000001-0000-0000-0000-000000000001');
INSERT INTO authors_books (book_id, author_id) VALUES ('b0000002-0000-0000-0000-000000000002', 'a0000002-0000-0000-0000-000000000002');
INSERT INTO authors_books (book_id, author_id) VALUES ('b0000003-0000-0000-0000-000000000003', 'a0000002-0000-0000-0000-000000000002');
INSERT INTO authors_books (book_id, author_id) VALUES ('b0000004-0000-0000-0000-000000000004', 'a0000002-0000-0000-0000-000000000002');
INSERT INTO authors_books (book_id, author_id) VALUES ('b0000005-0000-0000-0000-000000000005', 'a0000003-0000-0000-0000-000000000003');
INSERT INTO authors_books (book_id, author_id) VALUES ('b0000006-0000-0000-0000-000000000006', 'a0000003-0000-0000-0000-000000000003');
INSERT INTO authors_books (book_id, author_id) VALUES ('b0000007-0000-0000-0000-000000000007', 'a0000004-0000-0000-0000-000000000004');
INSERT INTO authors_books (book_id, author_id) VALUES ('b0000008-0000-0000-0000-000000000008', 'a0000005-0000-0000-0000-000000000005');
INSERT INTO authors_books (book_id, author_id) VALUES ('b0000009-0000-0000-0000-000000000009', 'a0000005-0000-0000-0000-000000000005');
INSERT INTO authors_books (book_id, author_id) VALUES ('b0000010-0000-0000-0000-000000000010', 'a0000006-0000-0000-0000-000000000006');
INSERT INTO authors_books (book_id, author_id) VALUES ('b0000011-0000-0000-0000-000000000011', 'a0000007-0000-0000-0000-000000000007');
INSERT INTO authors_books (book_id, author_id) VALUES ('b0000012-0000-0000-0000-000000000012', 'a0000008-0000-0000-0000-000000000008');
INSERT INTO authors_books (book_id, author_id) VALUES ('b0000013-0000-0000-0000-000000000013', 'a0000008-0000-0000-0000-000000000008');
INSERT INTO authors_books (book_id, author_id) VALUES ('b0000014-0000-0000-0000-000000000014', 'a0000008-0000-0000-0000-000000000008');
INSERT INTO authors_books (book_id, author_id) VALUES ('b0000015-0000-0000-0000-000000000015', 'a0000009-0000-0000-0000-000000000009');
INSERT INTO authors_books (book_id, author_id) VALUES ('b0000016-0000-0000-0000-000000000016', 'a0000009-0000-0000-0000-000000000009');
INSERT INTO authors_books (book_id, author_id) VALUES ('b0000017-0000-0000-0000-000000000017', 'a0000010-0000-0000-0000-000000000010');
INSERT INTO authors_books (book_id, author_id) VALUES ('b0000018-0000-0000-0000-000000000018', 'a0000010-0000-0000-0000-000000000010');
INSERT INTO authors_books (book_id, author_id) VALUES ('b0000019-0000-0000-0000-000000000019', 'a0000011-0000-0000-0000-000000000011');
INSERT INTO authors_books (book_id, author_id) VALUES ('b0000020-0000-0000-0000-000000000020', 'a0000012-0000-0000-0000-000000000012');
INSERT INTO authors_books (book_id, author_id) VALUES ('b0000021-0000-0000-0000-000000000021', 'a0000012-0000-0000-0000-000000000012');
INSERT INTO authors_books (book_id, author_id) VALUES ('b0000022-0000-0000-0000-000000000022', 'a0000013-0000-0000-0000-000000000013');
INSERT INTO authors_books (book_id, author_id) VALUES ('b0000023-0000-0000-0000-000000000023', 'a0000013-0000-0000-0000-000000000013');
INSERT INTO authors_books (book_id, author_id) VALUES ('b0000024-0000-0000-0000-000000000024', 'a0000014-0000-0000-0000-000000000014');
INSERT INTO authors_books (book_id, author_id) VALUES ('b0000025-0000-0000-0000-000000000025', 'a0000015-0000-0000-0000-000000000015');
INSERT INTO authors_books (book_id, author_id) VALUES ('b0000026-0000-0000-0000-000000000026', 'a0000016-0000-0000-0000-000000000016');
INSERT INTO authors_books (book_id, author_id) VALUES ('b0000027-0000-0000-0000-000000000027', 'a0000017-0000-0000-0000-000000000017');
INSERT INTO authors_books (book_id, author_id) VALUES ('b0000028-0000-0000-0000-000000000028', 'a0000018-0000-0000-0000-000000000018');
INSERT INTO authors_books (book_id, author_id) VALUES ('b0000029-0000-0000-0000-000000000029', 'a0000019-0000-0000-0000-000000000019');
INSERT INTO authors_books (book_id, author_id) VALUES ('b0000030-0000-0000-0000-000000000030', 'a0000020-0000-0000-0000-000000000020');
INSERT INTO authors_books (book_id, author_id) VALUES ('b0000031-0000-0000-0000-000000000031', 'a0000020-0000-0000-0000-000000000020');
INSERT INTO authors_books (book_id, author_id) VALUES ('b0000032-0000-0000-0000-000000000032', 'a0000021-0000-0000-0000-000000000021');
INSERT INTO authors_books (book_id, author_id) VALUES ('b0000033-0000-0000-0000-000000000033', 'a0000022-0000-0000-0000-000000000022');
INSERT INTO authors_books (book_id, author_id) VALUES ('b0000034-0000-0000-0000-000000000034', 'a0000023-0000-0000-0000-000000000023');
INSERT INTO authors_books (book_id, author_id) VALUES ('b0000035-0000-0000-0000-000000000035', 'a0000023-0000-0000-0000-000000000023');
INSERT INTO authors_books (book_id, author_id) VALUES ('b0000036-0000-0000-0000-000000000036', 'a0000024-0000-0000-0000-000000000024');
INSERT INTO authors_books (book_id, author_id) VALUES ('b0000037-0000-0000-0000-000000000037', 'a0000025-0000-0000-0000-000000000025');
INSERT INTO authors_books (book_id, author_id) VALUES ('b0000038-0000-0000-0000-000000000038', 'a0000026-0000-0000-0000-000000000026');
INSERT INTO authors_books (book_id, author_id) VALUES ('b0000039-0000-0000-0000-000000000039', 'a0000026-0000-0000-0000-000000000026');
INSERT INTO authors_books (book_id, author_id) VALUES ('b0000040-0000-0000-0000-000000000040', 'a0000027-0000-0000-0000-000000000027');
INSERT INTO authors_books (book_id, author_id) VALUES ('b0000041-0000-0000-0000-000000000041', 'a0000027-0000-0000-0000-000000000027');
INSERT INTO authors_books (book_id, author_id) VALUES ('b0000042-0000-0000-0000-000000000042', 'a0000028-0000-0000-0000-000000000028');
INSERT INTO authors_books (book_id, author_id) VALUES ('b0000043-0000-0000-0000-000000000043', 'a0000028-0000-0000-0000-000000000028');
INSERT INTO authors_books (book_id, author_id) VALUES ('b0000044-0000-0000-0000-000000000044', 'a0000029-0000-0000-0000-000000000029');
INSERT INTO authors_books (book_id, author_id) VALUES ('b0000045-0000-0000-0000-000000000045', 'a0000030-0000-0000-0000-000000000030');
INSERT INTO authors_books (book_id, author_id) VALUES ('b0000046-0000-0000-0000-000000000046', 'a0000031-0000-0000-0000-000000000031');
INSERT INTO authors_books (book_id, author_id) VALUES ('b0000047-0000-0000-0000-000000000047', 'a0000032-0000-0000-0000-000000000032');
INSERT INTO authors_books (book_id, author_id) VALUES ('b0000048-0000-0000-0000-000000000048', 'a0000033-0000-0000-0000-000000000033');
INSERT INTO authors_books (book_id, author_id) VALUES ('b0000049-0000-0000-0000-000000000049', 'a0000034-0000-0000-0000-000000000034');
INSERT INTO authors_books (book_id, author_id) VALUES ('b0000050-0000-0000-0000-000000000050', 'a0000035-0000-0000-0000-000000000035');

-- =====================================================
-- RELACIONES GÉNERO-LIBRO
-- =====================================================
INSERT INTO genres_books (book_id, genre_id) VALUES ('b0000001-0000-0000-0000-000000000001', 'c0000003-0000-0000-0000-000000000003');
INSERT INTO genres_books (book_id, genre_id) VALUES ('b0000001-0000-0000-0000-000000000001', 'c0000008-0000-0000-0000-000000000008');
INSERT INTO genres_books (book_id, genre_id) VALUES ('b0000002-0000-0000-0000-000000000002', 'c0000009-0000-0000-0000-000000000009');
INSERT INTO genres_books (book_id, genre_id) VALUES ('b0000003-0000-0000-0000-000000000003', 'c0000009-0000-0000-0000-000000000009');
INSERT INTO genres_books (book_id, genre_id) VALUES ('b0000003-0000-0000-0000-000000000003', 'c0000007-0000-0000-0000-000000000007');
INSERT INTO genres_books (book_id, genre_id) VALUES ('b0000004-0000-0000-0000-000000000004', 'c0000009-0000-0000-0000-000000000009');
INSERT INTO genres_books (book_id, genre_id) VALUES ('b0000005-0000-0000-0000-000000000005', 'c0000008-0000-0000-0000-000000000008');
INSERT INTO genres_books (book_id, genre_id) VALUES ('b0000005-0000-0000-0000-000000000005', 'c0000006-0000-0000-0000-000000000006');
INSERT INTO genres_books (book_id, genre_id) VALUES ('b0000006-0000-0000-0000-000000000006', 'c0000006-0000-0000-0000-000000000006');
INSERT INTO genres_books (book_id, genre_id) VALUES ('b0000006-0000-0000-0000-000000000006', 'c0000005-0000-0000-0000-000000000005');
INSERT INTO genres_books (book_id, genre_id) VALUES ('b0000007-0000-0000-0000-000000000007', 'c0000006-0000-0000-0000-000000000006');
INSERT INTO genres_books (book_id, genre_id) VALUES ('b0000008-0000-0000-0000-000000000008', 'c0000007-0000-0000-0000-000000000007');
INSERT INTO genres_books (book_id, genre_id) VALUES ('b0000008-0000-0000-0000-000000000008', 'c0000003-0000-0000-0000-000000000003');
INSERT INTO genres_books (book_id, genre_id) VALUES ('b0000009-0000-0000-0000-000000000009', 'c0000007-0000-0000-0000-000000000007');
INSERT INTO genres_books (book_id, genre_id) VALUES ('b0000010-0000-0000-0000-000000000010', 'c0000007-0000-0000-0000-000000000007');
INSERT INTO genres_books (book_id, genre_id) VALUES ('b0000010-0000-0000-0000-000000000010', 'c0000003-0000-0000-0000-000000000003');
INSERT INTO genres_books (book_id, genre_id) VALUES ('b0000011-0000-0000-0000-000000000011', 'c0000007-0000-0000-0000-000000000007');
INSERT INTO genres_books (book_id, genre_id) VALUES ('b0000011-0000-0000-0000-000000000011', 'c0000003-0000-0000-0000-000000000003');
INSERT INTO genres_books (book_id, genre_id) VALUES ('b0000012-0000-0000-0000-000000000012', 'c0000003-0000-0000-0000-000000000003');
INSERT INTO genres_books (book_id, genre_id) VALUES ('b0000013-0000-0000-0000-000000000013', 'c0000003-0000-0000-0000-000000000003');
INSERT INTO genres_books (book_id, genre_id) VALUES ('b0000014-0000-0000-0000-000000000014', 'c0000005-0000-0000-0000-000000000005');
INSERT INTO genres_books (book_id, genre_id) VALUES ('b0000014-0000-0000-0000-000000000014', 'c0000003-0000-0000-0000-000000000003');
INSERT INTO genres_books (book_id, genre_id) VALUES ('b0000015-0000-0000-0000-000000000015', 'c0000003-0000-0000-0000-000000000003');
INSERT INTO genres_books (book_id, genre_id) VALUES ('b0000015-0000-0000-0000-000000000015', 'c0000005-0000-0000-0000-000000000005');
INSERT INTO genres_books (book_id, genre_id) VALUES ('b0000016-0000-0000-0000-000000000016', 'c0000003-0000-0000-0000-000000000003');
INSERT INTO genres_books (book_id, genre_id) VALUES ('b0000017-0000-0000-0000-000000000017', 'c0000008-0000-0000-0000-000000000008');
INSERT INTO genres_books (book_id, genre_id) VALUES ('b0000018-0000-0000-0000-000000000018', 'c0000008-0000-0000-0000-000000000008');
INSERT INTO genres_books (book_id, genre_id) VALUES ('b0000019-0000-0000-0000-000000000019', 'c0000003-0000-0000-0000-000000000003');
INSERT INTO genres_books (book_id, genre_id) VALUES ('b0000019-0000-0000-0000-000000000019', 'c0000007-0000-0000-0000-000000000007');
INSERT INTO genres_books (book_id, genre_id) VALUES ('b0000020-0000-0000-0000-000000000020', 'c0000003-0000-0000-0000-000000000003');
INSERT INTO genres_books (book_id, genre_id) VALUES ('b0000020-0000-0000-0000-000000000020', 'c0000010-0000-0000-0000-000000000010');
INSERT INTO genres_books (book_id, genre_id) VALUES ('b0000021-0000-0000-0000-000000000021', 'c0000003-0000-0000-0000-000000000003');
INSERT INTO genres_books (book_id, genre_id) VALUES ('b0000022-0000-0000-0000-000000000022', 'c0000005-0000-0000-0000-000000000005');
INSERT INTO genres_books (book_id, genre_id) VALUES ('b0000022-0000-0000-0000-000000000022', 'c0000003-0000-0000-0000-000000000003');
INSERT INTO genres_books (book_id, genre_id) VALUES ('b0000023-0000-0000-0000-000000000023', 'c0000007-0000-0000-0000-000000000007');
INSERT INTO genres_books (book_id, genre_id) VALUES ('b0000023-0000-0000-0000-000000000023', 'c0000003-0000-0000-0000-000000000003');
INSERT INTO genres_books (book_id, genre_id) VALUES ('b0000024-0000-0000-0000-000000000024', 'c0000008-0000-0000-0000-000000000008');
INSERT INTO genres_books (book_id, genre_id) VALUES ('b0000025-0000-0000-0000-000000000025', 'c0000008-0000-0000-0000-000000000008');
INSERT INTO genres_books (book_id, genre_id) VALUES ('b0000026-0000-0000-0000-000000000026', 'c0000008-0000-0000-0000-000000000008');
INSERT INTO genres_books (book_id, genre_id) VALUES ('b0000027-0000-0000-0000-000000000027', 'c0000003-0000-0000-0000-000000000003');
INSERT INTO genres_books (book_id, genre_id) VALUES ('b0000027-0000-0000-0000-000000000027', 'c0000004-0000-0000-0000-000000000004');
INSERT INTO genres_books (book_id, genre_id) VALUES ('b0000028-0000-0000-0000-000000000028', 'c0000004-0000-0000-0000-000000000004');
INSERT INTO genres_books (book_id, genre_id) VALUES ('b0000028-0000-0000-0000-000000000028', 'c0000002-0000-0000-0000-000000000002');
INSERT INTO genres_books (book_id, genre_id) VALUES ('b0000029-0000-0000-0000-000000000029', 'c0000004-0000-0000-0000-000000000004');
INSERT INTO genres_books (book_id, genre_id) VALUES ('b0000030-0000-0000-0000-000000000030', 'c0000008-0000-0000-0000-000000000008');
INSERT INTO genres_books (book_id, genre_id) VALUES ('b0000031-0000-0000-0000-000000000031', 'c0000008-0000-0000-0000-000000000008');
INSERT INTO genres_books (book_id, genre_id) VALUES ('b0000031-0000-0000-0000-000000000031', 'c0000002-0000-0000-0000-000000000002');
INSERT INTO genres_books (book_id, genre_id) VALUES ('b0000032-0000-0000-0000-000000000032', 'c0000003-0000-0000-0000-000000000003');
INSERT INTO genres_books (book_id, genre_id) VALUES ('b0000033-0000-0000-0000-000000000033', 'c0000003-0000-0000-0000-000000000003');
INSERT INTO genres_books (book_id, genre_id) VALUES ('b0000034-0000-0000-0000-000000000034', 'c0000002-0000-0000-0000-000000000002');
INSERT INTO genres_books (book_id, genre_id) VALUES ('b0000035-0000-0000-0000-000000000035', 'c0000003-0000-0000-0000-000000000003');
INSERT INTO genres_books (book_id, genre_id) VALUES ('b0000035-0000-0000-0000-000000000035', 'c0000005-0000-0000-0000-000000000005');
INSERT INTO genres_books (book_id, genre_id) VALUES ('b0000036-0000-0000-0000-000000000036', 'c0000002-0000-0000-0000-000000000002');
INSERT INTO genres_books (book_id, genre_id) VALUES ('b0000037-0000-0000-0000-000000000037', 'c0000002-0000-0000-0000-000000000002');
INSERT INTO genres_books (book_id, genre_id) VALUES ('b0000038-0000-0000-0000-000000000038', 'c0000003-0000-0000-0000-000000000003');
INSERT INTO genres_books (book_id, genre_id) VALUES ('b0000039-0000-0000-0000-000000000039', 'c0000003-0000-0000-0000-000000000003');
INSERT INTO genres_books (book_id, genre_id) VALUES ('b0000039-0000-0000-0000-000000000039', 'c0000010-0000-0000-0000-000000000010');
INSERT INTO genres_books (book_id, genre_id) VALUES ('b0000040-0000-0000-0000-000000000040', 'c0000003-0000-0000-0000-000000000003');
INSERT INTO genres_books (book_id, genre_id) VALUES ('b0000040-0000-0000-0000-000000000040', 'c0000001-0000-0000-0000-000000000001');
INSERT INTO genres_books (book_id, genre_id) VALUES ('b0000041-0000-0000-0000-000000000041', 'c0000007-0000-0000-0000-000000000007');
INSERT INTO genres_books (book_id, genre_id) VALUES ('b0000041-0000-0000-0000-000000000041', 'c0000003-0000-0000-0000-000000000003');
INSERT INTO genres_books (book_id, genre_id) VALUES ('b0000042-0000-0000-0000-000000000042', 'c0000001-0000-0000-0000-000000000001');
INSERT INTO genres_books (book_id, genre_id) VALUES ('b0000042-0000-0000-0000-000000000042', 'c0000003-0000-0000-0000-000000000003');
INSERT INTO genres_books (book_id, genre_id) VALUES ('b0000043-0000-0000-0000-000000000043', 'c0000001-0000-0000-0000-000000000001');
INSERT INTO genres_books (book_id, genre_id) VALUES ('b0000044-0000-0000-0000-000000000044', 'c0000003-0000-0000-0000-000000000003');
INSERT INTO genres_books (book_id, genre_id) VALUES ('b0000045-0000-0000-0000-000000000045', 'c0000001-0000-0000-0000-000000000001');
INSERT INTO genres_books (book_id, genre_id) VALUES ('b0000045-0000-0000-0000-000000000045', 'c0000003-0000-0000-0000-000000000003');
INSERT INTO genres_books (book_id, genre_id) VALUES ('b0000046-0000-0000-0000-000000000046', 'c0000003-0000-0000-0000-000000000003');
INSERT INTO genres_books (book_id, genre_id) VALUES ('b0000046-0000-0000-0000-000000000046', 'c0000001-0000-0000-0000-000000000001');
INSERT INTO genres_books (book_id, genre_id) VALUES ('b0000047-0000-0000-0000-000000000047', 'c0000010-0000-0000-0000-000000000010');
INSERT INTO genres_books (book_id, genre_id) VALUES ('b0000047-0000-0000-0000-000000000047', 'c0000003-0000-0000-0000-000000000003');
INSERT INTO genres_books (book_id, genre_id) VALUES ('b0000048-0000-0000-0000-000000000048', 'c0000010-0000-0000-0000-000000000010');
INSERT INTO genres_books (book_id, genre_id) VALUES ('b0000048-0000-0000-0000-000000000048', 'c0000005-0000-0000-0000-000000000005');
INSERT INTO genres_books (book_id, genre_id) VALUES ('b0000049-0000-0000-0000-000000000049', 'c0000003-0000-0000-0000-000000000003');
INSERT INTO genres_books (book_id, genre_id) VALUES ('b0000050-0000-0000-0000-000000000050', 'c0000003-0000-0000-0000-000000000003');

-- =====================================================
-- MIEMBROS (10)
-- =====================================================
INSERT INTO member (id, version, name, email, member_state, register_date) VALUES ('d0000001-0000-0000-0000-000000000001', 0, 'Enrique Varela Bouza', 'miembro@gmail.com', 'ACTIVE', '2025-09-01 09:00:00');
INSERT INTO member (id, version, name, email, member_state, register_date) VALUES ('d0000002-0000-0000-0000-000000000002', 0, 'Carlos Fernández Ruiz', 'carlos.fernandez@email.com', 'ACTIVE', '2025-09-15 10:30:00');
INSERT INTO member (id, version, name, email, member_state, register_date) VALUES ('d0000003-0000-0000-0000-000000000003', 0, 'Ana Martínez Díaz', 'ana.martinez@email.com', 'ACTIVE', '2025-10-01 11:00:00');
INSERT INTO member (id, version, name, email, member_state, register_date) VALUES ('d0000004-0000-0000-0000-000000000004', 0, 'Lucía Ramírez Soler', 'lucia.ramirez@email.com', 'PENDING', '2026-03-20 14:00:00');
INSERT INTO member (id, version, name, email, member_state, register_date) VALUES ('d0000005-0000-0000-0000-000000000005', 0, 'Laura García Navarro', 'laura.garcia@email.com', 'ACTIVE', '2025-10-10 09:30:00');
INSERT INTO member (id, version, name, email, member_state, register_date) VALUES ('d0000006-0000-0000-0000-000000000006', 0, 'Jorge Rodríguez Blanco', 'jorge.rodriguez@email.com', 'SUSPENDED', '2025-08-01 08:00:00');
INSERT INTO member (id, version, name, email, member_state, register_date) VALUES ('d0000007-0000-0000-0000-000000000007', 0, 'Isabel Torres Vega', 'isabel.torres@email.com', 'ACTIVE', '2025-11-05 12:00:00');
INSERT INTO member (id, version, name, email, member_state, register_date) VALUES ('d0000008-0000-0000-0000-000000000008', 0, 'Miguel Ángel Ruiz', 'miguel.ruiz@email.com', 'BLOCKED', '2025-07-15 10:00:00');
INSERT INTO member (id, version, name, email, member_state, register_date) VALUES ('d0000009-0000-0000-0000-000000000009', 0, 'Sofía Hernández Prieto', 'sofia.hernandez@email.com', 'ACTIVE', '2025-12-01 16:00:00');
INSERT INTO member (id, version, name, email, member_state, register_date) VALUES ('d0000010-0000-0000-0000-000000000010', 0, 'David Moreno Gil', 'david.moreno@email.com', 'INACTIVE', '2025-06-01 09:00:00');

-- =====================================================
-- PRÉSTAMOS (12)
-- =====================================================
INSERT INTO loan (id, version, loan_state, loan_date, expiring_date, due_date, member_id) VALUES ('e0000001-0000-0000-0000-000000000001', 0, 'ACTIVE', '2026-05-12 10:00:00', '2026-05-26 10:00:00', NULL, 'd0000001-0000-0000-0000-000000000001');
INSERT INTO loan (id, version, loan_state, loan_date, expiring_date, due_date, member_id) VALUES ('e0000002-0000-0000-0000-000000000002', 0, 'RETURNED', '2026-02-01 09:00:00', '2026-02-15 09:00:00', '2026-02-12 11:00:00', 'd0000002-0000-0000-0000-000000000002');
INSERT INTO loan (id, version, loan_state, loan_date, expiring_date, due_date, member_id) VALUES ('e0000003-0000-0000-0000-000000000003', 0, 'ACTIVE', '2026-05-14 14:00:00', '2026-05-28 14:00:00', NULL, 'd0000003-0000-0000-0000-000000000003');
INSERT INTO loan (id, version, loan_state, loan_date, expiring_date, due_date, member_id) VALUES ('e0000004-0000-0000-0000-000000000004', 0, 'RETURNED', '2026-01-10 10:00:00', '2026-01-24 10:00:00', '2026-01-20 15:00:00', 'd0000005-0000-0000-0000-000000000005');
INSERT INTO loan (id, version, loan_state, loan_date, expiring_date, due_date, member_id) VALUES ('e0000005-0000-0000-0000-000000000005', 0, 'OVERDUE', '2026-04-01 11:00:00', '2026-04-15 11:00:00', NULL, 'd0000006-0000-0000-0000-000000000006');
INSERT INTO loan (id, version, loan_state, loan_date, expiring_date, due_date, member_id) VALUES ('e0000006-0000-0000-0000-000000000006', 0, 'RESERVED', '2026-05-22 12:00:00', '2026-06-05 12:00:00', NULL, 'd0000001-0000-0000-0000-000000000001');
INSERT INTO loan (id, version, loan_state, loan_date, expiring_date, due_date, member_id) VALUES ('e0000007-0000-0000-0000-000000000007', 0, 'ACTIVE', '2026-05-10 09:30:00', '2026-05-24 09:30:00', NULL, 'd0000002-0000-0000-0000-000000000002');
INSERT INTO loan (id, version, loan_state, loan_date, expiring_date, due_date, member_id) VALUES ('e0000008-0000-0000-0000-000000000008', 0, 'RETURNED', '2025-12-01 10:00:00', '2025-12-15 10:00:00', '2025-12-12 14:00:00', 'd0000001-0000-0000-0000-000000000001');
INSERT INTO loan (id, version, loan_state, loan_date, expiring_date, due_date, member_id) VALUES ('e0000009-0000-0000-0000-000000000009', 0, 'CANCELLED', '2026-03-10 12:00:00', '2026-03-24 12:00:00', NULL, 'd0000007-0000-0000-0000-000000000007');
INSERT INTO loan (id, version, loan_state, loan_date, expiring_date, due_date, member_id) VALUES ('e0000010-0000-0000-0000-000000000010', 0, 'RETURNED', '2026-01-15 09:00:00', '2026-01-29 09:00:00', '2026-01-27 17:00:00', 'd0000010-0000-0000-0000-000000000010');
INSERT INTO loan (id, version, loan_state, loan_date, expiring_date, due_date, member_id) VALUES ('e0000011-0000-0000-0000-000000000011', 0, 'RESERVED', '2026-05-21 16:00:00', '2026-06-04 16:00:00', NULL, 'd0000003-0000-0000-0000-000000000003');
INSERT INTO loan (id, version, loan_state, loan_date, expiring_date, due_date, member_id) VALUES ('e0000012-0000-0000-0000-000000000012', 0, 'ACTIVE', '2026-05-08 18:00:00', '2026-05-22 18:00:00', NULL, 'd0000009-0000-0000-0000-000000000009');

-- =====================================================
-- LÍNEAS DE PRÉSTAMO
-- =====================================================
INSERT INTO loan_line (id, version, ordered_quantity, returned_quantity, loan_id, book_id) VALUES ('f0000001-0000-0000-0000-000000000001', 0, 1, 0, 'e0000001-0000-0000-0000-000000000001', 'b0000034-0000-0000-0000-000000000034');
INSERT INTO loan_line (id, version, ordered_quantity, returned_quantity, loan_id, book_id) VALUES ('f0000002-0000-0000-0000-000000000002', 0, 1, 0, 'e0000001-0000-0000-0000-000000000001', 'b0000008-0000-0000-0000-000000000008');
INSERT INTO loan_line (id, version, ordered_quantity, returned_quantity, loan_id, book_id) VALUES ('f0000003-0000-0000-0000-000000000003', 0, 1, 1, 'e0000002-0000-0000-0000-000000000002', 'b0000001-0000-0000-0000-000000000001');
INSERT INTO loan_line (id, version, ordered_quantity, returned_quantity, loan_id, book_id) VALUES ('f0000004-0000-0000-0000-000000000004', 0, 1, 0, 'e0000003-0000-0000-0000-000000000003', 'b0000040-0000-0000-0000-000000000040');
INSERT INTO loan_line (id, version, ordered_quantity, returned_quantity, loan_id, book_id) VALUES ('f0000005-0000-0000-0000-000000000005', 0, 1, 1, 'e0000004-0000-0000-0000-000000000004', 'b0000029-0000-0000-0000-000000000029');
INSERT INTO loan_line (id, version, ordered_quantity, returned_quantity, loan_id, book_id) VALUES ('f0000006-0000-0000-0000-000000000006', 0, 1, 0, 'e0000005-0000-0000-0000-000000000005', 'b0000017-0000-0000-0000-000000000017');
INSERT INTO loan_line (id, version, ordered_quantity, returned_quantity, loan_id, book_id) VALUES ('f0000007-0000-0000-0000-000000000007', 0, 1, 0, 'e0000006-0000-0000-0000-000000000006', 'b0000045-0000-0000-0000-000000000045');
INSERT INTO loan_line (id, version, ordered_quantity, returned_quantity, loan_id, book_id) VALUES ('f0000008-0000-0000-0000-000000000008', 0, 1, 0, 'e0000007-0000-0000-0000-000000000007', 'b0000026-0000-0000-0000-000000000026');
INSERT INTO loan_line (id, version, ordered_quantity, returned_quantity, loan_id, book_id) VALUES ('f0000009-0000-0000-0000-000000000009', 0, 1, 0, 'e0000007-0000-0000-0000-000000000007', 'b0000018-0000-0000-0000-000000000018');
INSERT INTO loan_line (id, version, ordered_quantity, returned_quantity, loan_id, book_id) VALUES ('f0000010-0000-0000-0000-000000000010', 0, 1, 1, 'e0000008-0000-0000-0000-000000000008', 'b0000020-0000-0000-0000-000000000020');
INSERT INTO loan_line (id, version, ordered_quantity, returned_quantity, loan_id, book_id) VALUES ('f0000011-0000-0000-0000-000000000011', 0, 1, 0, 'e0000009-0000-0000-0000-000000000009', 'b0000039-0000-0000-0000-000000000039');
INSERT INTO loan_line (id, version, ordered_quantity, returned_quantity, loan_id, book_id) VALUES ('f0000012-0000-0000-0000-000000000012', 0, 1, 1, 'e0000010-0000-0000-0000-000000000010', 'b0000001-0000-0000-0000-000000000001');
INSERT INTO loan_line (id, version, ordered_quantity, returned_quantity, loan_id, book_id) VALUES ('f0000013-0000-0000-0000-000000000013', 0, 1, 1, 'e0000010-0000-0000-0000-000000000010', 'b0000040-0000-0000-0000-000000000040');
INSERT INTO loan_line (id, version, ordered_quantity, returned_quantity, loan_id, book_id) VALUES ('f0000014-0000-0000-0000-000000000014', 0, 1, 0, 'e0000011-0000-0000-0000-000000000011', 'b0000003-0000-0000-0000-000000000003');
INSERT INTO loan_line (id, version, ordered_quantity, returned_quantity, loan_id, book_id) VALUES ('f0000015-0000-0000-0000-000000000015', 0, 1, 0, 'e0000012-0000-0000-0000-000000000012', 'b0000037-0000-0000-0000-000000000037');
